{"cameraMode":{"drawMode":0,"name":"Shaded","section":"Shading Mode"},"sceneLighting":true,"audioPlay":false,"sceneViewState":{"m_AlwaysRefresh":false,"showFog":true,"showSkybox":true,"showFlares":true,"showImageEffects":true,"showParticleSystems":true,"showVisualEffectGraphs":true,"m_FxEnabled":true},"in2DMode":false,"pivot":{"x":6.446779727935791,"y":3.0294477939605715,"z":9.093090057373047},"rotation":{"x":0.03791641443967819,"y":-0.9436504244804382,"z":0.30750182271003725,"w":0.11636997759342194},"size":0.8660253882408142,"orthographic":false}